|Rk|Squad|MP|W|D|L|GF|GA|GD|Pts|Pts/MP|xG|xGA|xGD|xGD/90|Last 5|Attendance|Top Team Scorer|Goalkeeper|Notes
0|1|Arsenal|18|15|2|1|42|14|28|47|2.61|34.1|16.6|17.5|0.97|W W W D W|60157|Martin Ødegaard - 8|Aaron Ramsdale|
1|2|Manchester City|18|12|3|3|46|18|28|39|2.17|36.3|14.0|22.3|1.24|L W D W L|53185|Erling Haaland - 21|Ederson|
2|3|Newcastle Utd|19|10|8|1|33|11|22|38|2.0|31.6|17.4|14.1|0.74|W W D D W|52187|Miguel Almirón - 9|Nick Pope|
3|4|Manchester Utd|18|12|2|4|29|21|8|38|2.11|27.1|19.9|7.2|0.4|W W W W W|73872|Marcus Rashford - 8|David de Gea|
4|5|Tottenham|19|10|3|6|37|27|10|33|1.74|28.8|22.2|6.6|0.35|W D L W L|61686|Harry Kane - 15|Hugo Lloris|
5|6|Fulham|20|9|4|7|32|29|3|31|1.55|27.5|34.5|-7.0|-0.35|W W W W L|23178|Aleksandar Mitrović - 11|Bernd Leno|
6|7|Brighton|18|9|3|6|35|25|10|30|1.67|27.4|23.0|4.3|0.24|L W L W W|31474|Leandro Trossard - 7|Robert Sánchez|
7|8|Brentford|19|7|8|4|32|28|4|29|1.53|27.0|25.2|1.8|0.1|W D W W W|17079|Ivan Toney - 13|David Raya|
8|9|Liverpool|18|8|4|6|34|25|9|28|1.56|32.1|25.6|6.6|0.37|W W W L L|53239|Mohamed Salah, Roberto Firmino - 7|Alisson|
9|10|Chelsea|19|8|4|7|22|21|1|28|1.47|22.2|25.0|-2.7|-0.14|W D L L W|39947|Kai Havertz - 5|Kepa Arrizabalaga|
10|11|Aston Villa|19|7|4|8|22|27|-5|25|1.32|23.2|25.9|-2.7|-0.14|W L W D W|41584|Danny Ings - 6|Emiliano Martínez|
11|12|Crystal Palace|18|6|4|8|17|26|-9|22|1.22|17.5|24.3|-6.8|-0.38|L L W L L|24794|Wilfried Zaha - 6|Vicente Guaita|
12|13|Nott'ham Forest|19|5|5|9|15|34|-19|20|1.05|21.2|29.0|-7.9|-0.41|W L D W W|29085|Brennan Johnson, Taiwo Awoniyi - 4|Dean Henderson|
13|14|Leicester City|19|5|2|12|26|33|-7|17|0.89|21.8|30.4|-8.6|-0.45|W L L L L|31601|James Maddison - 7|Danny Ward|
14|15|Leeds United|18|4|5|9|26|33|-7|17|0.94|25.3|29.3|-4.0|-0.22|L L D D L|36461|Rodrigo - 10|Illan Meslier|
15|16|Wolves|19|4|5|10|12|27|-15|17|0.89|18.1|26.1|-8.0|-0.42|L W L D W|31612|Daniel Podence - 5|José Sá|
16|17|Bournemouth|19|4|4|11|18|41|-23|16|0.84|13.8|31.2|-17.4|-0.92|W L L L L|10348|Philip Billing, Kieffer Moore - 4|Mark Travers|
17|18|West Ham|19|4|3|12|15|25|-10|15|0.79|23.4|21.8|1.6|0.09|L L L D L|62446|Gianluca Scamacca, Saïd Benrahma - 3|Łukasz Fabiański|
18|19|Everton|19|3|6|10|15|26|-11|15|0.79|19.9|31.3|-11.4|-0.6|L L D L L|39213|Demarai Gray, Anthony Gordon - 3|Jordan Pickford|
19|20|Southampton|19|4|3|12|17|34|-17|15|0.79|19.1|24.7|-5.6|-0.3|L L L L W|30659|James Ward-Prowse - 5|Gavin Bazunu|
|Unnamed: 0_level_0|Unnamed: 1_level_0|Home|Home|Home|Home|Home|Home|Home|Home|Home|Home|Home|Home|Home|Away|Away|Away|Away|Away|Away|Away|Away|Away|Away|Away|Away|Away
|Rk|Squad|MP|W|D|L|GF|GA|GD|Pts|Pts/MP|xG|xGA|xGD|xGD/90|MP|W|D|L|GF|GA|GD|Pts|Pts/MP|xG|xGA|xGD|xGD/90
0|1|Arsenal|8|7|1|0|22|8|14|22|2.75|18.5|6.9|11.7|1.46|10|8|1|1|20|6|14|25|2.5|15.6|9.7|5.9|0.59
1|2|Manchester City|9|7|1|1|31|10|21|22|2.44|19.9|5.5|14.4|1.6|9|5|2|2|15|8|7|17|1.89|16.4|8.5|8.0|0.89
2|3|Newcastle Utd|10|6|4|0|18|5|13|22|2.2|19.9|7.6|12.3|1.23|9|4|4|1|15|6|9|16|1.78|11.7|9.9|1.8|0.2
3|4|Manchester Utd|9|7|1|1|17|5|12|22|2.44|14.6|8.6|6.1|0.67|9|5|1|3|12|16|-4|16|1.78|12.5|11.3|1.2|0.13
4|5|Tottenham|10|6|0|4|21|15|6|18|1.8|17.4|10.4|6.9|0.69|9|4|3|2|16|12|4|15|1.67|11.5|11.8|-0.3|-0.03
5|6|Fulham|10|5|3|2|18|15|3|18|1.8|14.7|16.3|-1.6|-0.16|10|4|1|5|14|14|0|13|1.3|12.8|18.2|-5.5|-0.55
6|7|Brighton|9|4|2|3|16|10|6|14|1.56|14.6|11.2|3.4|0.38|9|5|1|3|19|15|4|16|1.78|12.7|11.8|0.9|0.1
7|8|Brentford|10|5|4|1|20|10|10|19|1.9|15.8|12.2|3.6|0.36|9|2|4|3|12|18|-6|10|1.11|11.2|13.0|-1.8|-0.2
8|9|Liverpool|9|6|2|1|23|9|14|20|2.22|17.9|10.0|7.9|0.88|9|2|2|5|11|16|-5|8|0.89|14.3|15.6|-1.3|-0.15
9|10|Chelsea|9|5|2|2|13|7|6|17|1.89|11.2|11.9|-0.7|-0.08|10|3|2|5|9|14|-5|11|1.1|11.1|13.1|-2.0|-0.2
10|11|Aston Villa|10|5|2|3|15|11|4|17|1.7|14.2|12.9|1.4|0.14|9|2|2|5|7|16|-9|8|0.89|9.0|13.1|-4.1|-0.46
11|12|Crystal Palace|9|4|1|4|10|15|-5|13|1.44|9.6|11.3|-1.7|-0.19|9|2|3|4|7|11|-4|9|1.0|7.9|13.0|-5.1|-0.56
12|13|Nott'ham Forest|10|4|3|3|13|12|1|15|1.5|14.0|13.1|0.9|0.09|9|1|2|6|2|22|-20|5|0.56|7.2|15.9|-8.7|-0.97
13|14|Leicester City|9|2|2|5|9|10|-1|8|0.89|7.6|10.7|-3.0|-0.34|10|3|0|7|17|23|-6|9|0.9|14.2|19.7|-5.5|-0.55
14|15|Leeds United|9|3|3|3|15|14|1|12|1.33|12.0|15.0|-3.0|-0.33|9|1|2|6|11|19|-8|5|0.56|13.2|14.3|-1.0|-0.12
15|16|Wolves|10|3|2|5|6|14|-8|11|1.1|9.6|14.4|-4.9|-0.49|9|1|3|5|6|13|-7|6|0.67|8.6|11.7|-3.1|-0.35
16|17|Bournemouth|9|3|2|4|9|10|-1|11|1.22|7.3|10.8|-3.5|-0.39|10|1|2|7|9|31|-22|5|0.5|6.5|20.4|-13.9|-1.39
17|18|West Ham|9|3|1|5|9|12|-3|10|1.11|10.6|10.7|-0.1|-0.01|10|1|2|7|6|13|-7|5|0.5|12.8|11.0|1.7|0.17
18|19|Everton|10|2|2|6|9|14|-5|8|0.8|11.8|14.5|-2.6|-0.26|9|1|4|4|6|12|-6|7|0.78|8.0|16.8|-8.8|-0.97
19|20|Southampton|9|1|3|5|9|16|-7|6|0.67|10.7|11.5|-0.8|-0.09|10|3|0|7|8|18|-10|9|0.9|8.4|13.3|-4.8|-0.48
|Unnamed: 0_level_0|Unnamed: 1_level_0|Unnamed: 2_level_0|Unnamed: 3_level_0|Playing Time|Playing Time|Playing Time|Playing Time|Performance|Performance|Performance|Performance|Performance|Performance|Performance|Per 90 Minutes|Per 90 Minutes|Per 90 Minutes|Per 90 Minutes|Per 90 Minutes|Expected|Expected|Expected|Expected|Per 90 Minutes|Per 90 Minutes|Per 90 Minutes|Per 90 Minutes|Per 90 Minutes
|Squad|# Pl|Age|Poss|MP|Starts|Min|90s|Gls|Ast|G-PK|PK|PKatt|CrdY|CrdR|Gls|Ast|G+A|G-PK|G+A-PK|xG|npxG|xAG|npxG+xAG|xG|xAG|xG+xAG|npxG|npxG+xAG
0|Arsenal|23|24.9|56.8|18|198|1620|18.0|40|29|39|1|1|32|0|2.22|1.61|3.83|2.17|3.78|34.1|33.7|24.1|57.8|1.9|1.34|3.24|1.87|3.21
1|Aston Villa|24|27.6|47.9|19|209|1710|19.0|22|14|20|2|2|43|1|1.16|0.74|1.89|1.05|1.79|23.2|21.7|16.7|38.4|1.22|0.88|2.1|1.14|2.02
2|Bournemouth|25|26.9|40.4|19|209|1710|19.0|18|14|18|0|0|32|0|0.95|0.74|1.68|0.95|1.68|13.8|13.8|11.2|25.0|0.73|0.59|1.32|0.73|1.32
3|Brentford|25|26.7|43.4|19|209|1710|19.0|31|16|26|5|5|26|0|1.63|0.84|2.47|1.37|2.21|27.0|23.2|16.4|39.6|1.42|0.86|2.28|1.22|2.08
4|Brighton|23|27.3|56.8|18|198|1620|18.0|31|18|28|3|3|26|0|1.72|1.0|2.72|1.56|2.56|27.4|25.1|19.5|44.6|1.52|1.08|2.6|1.4|2.48
5|Chelsea|28|27.9|58.2|19|209|1710|19.0|22|15|20|2|2|43|3|1.16|0.79|1.95|1.05|1.84|22.2|20.8|16.8|37.6|1.17|0.89|2.06|1.09|1.98
6|Crystal Palace|20|27.8|46.2|18|198|1620|18.0|16|15|16|0|2|41|2|0.89|0.83|1.72|0.89|1.72|17.5|15.8|13.5|29.3|0.97|0.75|1.72|0.88|1.63
7|Everton|28|26.7|45.1|19|209|1710|19.0|14|11|13|1|1|41|0|0.74|0.58|1.32|0.68|1.26|19.9|19.1|13.8|32.8|1.05|0.72|1.77|1.0|1.73
8|Fulham|27|28.9|46.9|20|220|1800|20.0|29|18|25|4|7|49|1|1.45|0.9|2.35|1.25|2.15|27.5|22.0|16.1|38.1|1.37|0.81|2.18|1.1|1.91
9|Leeds United|26|25.7|49.7|18|198|1620|18.0|25|18|24|1|2|42|2|1.39|1.0|2.39|1.33|2.33|25.3|23.7|17.2|40.9|1.4|0.96|2.36|1.32|2.27
10|Leicester City|23|27.1|51.7|19|209|1710|19.0|24|18|23|1|2|24|0|1.26|0.95|2.21|1.21|2.16|21.8|20.2|18.0|38.3|1.15|0.95|2.1|1.06|2.01
11|Liverpool|27|28.3|60.5|18|198|1620|18.0|30|24|30|0|0|18|1|1.67|1.33|3.0|1.67|3.0|32.1|32.1|25.5|57.7|1.79|1.42|3.2|1.79|3.2
12|Manchester City|21|27.8|66.2|18|198|1620|18.0|45|37|42|3|3|17|1|2.5|2.06|4.56|2.33|4.39|36.3|34.0|28.4|62.4|2.02|1.58|3.6|1.89|3.47
13|Manchester Utd|22|27.5|51.9|18|198|1620|18.0|27|23|26|1|1|46|0|1.5|1.28|2.78|1.44|2.72|27.1|26.3|21.4|47.8|1.51|1.19|2.7|1.46|2.65
14|Newcastle Utd|24|28.0|50.3|19|209|1710|19.0|32|20|29|3|3|33|0|1.68|1.05|2.74|1.53|2.58|31.6|29.3|23.0|52.2|1.66|1.21|2.87|1.54|2.75
15|Nott'ham Forest|27|26.5|39.2|19|209|1710|19.0|14|8|13|1|2|42|0|0.74|0.42|1.16|0.68|1.11|21.2|19.6|15.3|35.0|1.11|0.81|1.92|1.03|1.84
16|Southampton|27|25.1|44.8|19|209|1710|19.0|17|12|17|0|1|31|0|0.89|0.63|1.53|0.89|1.53|19.1|18.2|15.6|33.8|1.01|0.82|1.83|0.96|1.78
17|Tottenham|25|28.3|51.7|19|209|1710|19.0|35|24|33|2|3|37|1|1.84|1.26|3.11|1.74|3.0|28.8|26.5|21.5|48.0|1.52|1.13|2.65|1.39|2.52
18|West Ham|24|28.6|45.5|19|209|1710|19.0|15|6|11|4|6|25|0|0.79|0.32|1.11|0.58|0.89|23.4|19.4|14.0|33.4|1.23|0.73|1.97|1.02|1.76
19|Wolves|28|26.7|49.1|19|209|1710|19.0|12|8|10|2|2|39|3|0.63|0.42|1.05|0.53|0.95|18.1|16.6|13.0|29.6|0.95|0.69|1.64|0.87|1.56
|Unnamed: 0_level_0|Unnamed: 1_level_0|Unnamed: 2_level_0|Unnamed: 3_level_0|Playing Time|Playing Time|Playing Time|Playing Time|Performance|Performance|Performance|Performance|Performance|Performance|Performance|Per 90 Minutes|Per 90 Minutes|Per 90 Minutes|Per 90 Minutes|Per 90 Minutes|Expected|Expected|Expected|Expected|Per 90 Minutes|Per 90 Minutes|Per 90 Minutes|Per 90 Minutes|Per 90 Minutes
|Squad|# Pl|Age|Poss|MP|Starts|Min|90s|Gls|Ast|G-PK|PK|PKatt|CrdY|CrdR|Gls|Ast|G+A|G-PK|G+A-PK|xG|npxG|xAG|npxG+xAG|xG|xAG|xG+xAG|npxG|npxG+xAG
0|vs Arsenal|23|27.3|43.2|18|198|1620|18.0|13|8|11|2|3|41|1|0.72|0.44|1.17|0.61|1.06|16.6|14.3|11.9|26.2|0.92|0.66|1.59|0.79|1.45
1|vs Aston Villa|24|27.1|52.1|19|209|1710|19.0|24|13|22|2|3|35|1|1.26|0.68|1.95|1.16|1.84|25.9|23.6|16.5|40.1|1.37|0.87|2.23|1.24|2.11
2|vs Bournemouth|25|27.2|59.6|19|209|1710|19.0|39|27|33|6|6|24|0|2.05|1.42|3.47|1.74|3.16|31.2|26.5|21.1|47.7|1.64|1.11|2.76|1.4|2.51
3|vs Brentford|25|27.4|56.6|19|209|1710|19.0|26|19|25|1|1|30|1|1.37|1.0|2.37|1.32|2.32|25.2|24.5|19.0|43.5|1.33|1.0|2.32|1.29|2.29
4|vs Brighton|23|27.2|43.2|18|198|1620|18.0|22|13|17|5|6|44|1|1.22|0.72|1.94|0.94|1.67|23.0|18.2|13.2|31.4|1.28|0.73|2.01|1.01|1.74
5|vs Chelsea|28|27.2|41.8|19|209|1710|19.0|19|14|19|0|0|32|0|1.0|0.74|1.74|1.0|1.74|25.0|25.0|20.5|45.4|1.31|1.08|2.39|1.31|2.39
6|vs Crystal Palace|20|27.1|53.8|18|198|1620|18.0|25|18|25|0|0|35|1|1.39|1.0|2.39|1.39|2.39|24.3|24.3|17.8|42.1|1.35|0.99|2.34|1.35|2.34
7|vs Everton|28|27.1|54.9|19|209|1710|19.0|26|18|24|2|2|43|0|1.37|0.95|2.32|1.26|2.21|31.3|29.8|23.3|53.1|1.65|1.22|2.87|1.57|2.79
8|vs Fulham|27|27.2|53.1|20|220|1800|20.0|29|17|26|3|3|30|5|1.45|0.85|2.3|1.3|2.15|34.5|32.7|25.3|58.0|1.73|1.26|2.99|1.64|2.9
9|vs Leeds United|26|27.2|50.3|18|198|1620|18.0|32|19|30|2|2|33|1|1.78|1.06|2.83|1.67|2.72|29.3|27.8|22.4|50.1|1.63|1.24|2.87|1.54|2.79
10|vs Leicester City|23|27.2|48.3|19|209|1710|19.0|30|22|28|2|2|32|1|1.58|1.16|2.74|1.47|2.63|30.4|28.9|23.6|52.6|1.6|1.24|2.84|1.52|2.77
11|vs Liverpool|27|27.0|39.5|18|198|1620|18.0|24|17|22|2|3|25|0|1.33|0.94|2.28|1.22|2.17|25.6|23.5|17.9|41.4|1.42|0.99|2.41|1.31|2.3
12|vs Manchester City|21|27.3|33.8|18|198|1620|18.0|17|12|15|2|2|42|1|0.94|0.67|1.61|0.83|1.5|14.0|12.4|10.8|23.2|0.78|0.6|1.38|0.69|1.29
13|vs Manchester Utd|22|27.5|48.1|18|198|1620|18.0|21|13|20|1|1|22|0|1.17|0.72|1.89|1.11|1.83|19.9|19.1|14.4|33.5|1.1|0.8|1.91|1.06|1.86
14|vs Newcastle Utd|24|27.3|49.7|19|209|1710|19.0|11|10|10|1|2|42|1|0.58|0.53|1.11|0.53|1.05|17.4|15.9|13.7|29.6|0.92|0.72|1.64|0.84|1.56
15|vs Nott'ham Forest|27|27.4|60.8|19|209|1710|19.0|34|23|32|2|5|36|0|1.79|1.21|3.0|1.68|2.89|29.0|25.3|20.3|45.6|1.53|1.07|2.59|1.33|2.4
16|vs Southampton|27|27.5|55.2|19|209|1710|19.0|31|27|31|0|1|31|0|1.63|1.42|3.05|1.63|3.05|24.7|24.0|19.6|43.6|1.3|1.03|2.34|1.26|2.29
17|vs Tottenham|25|27.1|48.3|19|209|1710|19.0|26|20|25|1|1|42|1|1.37|1.05|2.42|1.32|2.37|22.2|21.4|16.1|37.5|1.17|0.85|2.02|1.13|1.98
18|vs West Ham|24|27.1|54.5|19|209|1710|19.0|24|18|22|2|3|33|0|1.26|0.95|2.21|1.16|2.11|21.8|19.4|15.4|34.8|1.15|0.81|1.96|1.02|1.83
19|vs Wolves|28|27.0|50.9|19|209|1710|19.0|26|20|26|0|2|35|0|1.37|1.05|2.42|1.37|2.42|26.1|24.5|18.5|43.0|1.37|0.97|2.35|1.29|2.26
|Unnamed: 0_level_0|Unnamed: 1_level_0|Playing Time|Playing Time|Playing Time|Playing Time|Performance|Performance|Performance|Performance|Performance|Performance|Performance|Performance|Performance|Performance|Penalty Kicks|Penalty Kicks|Penalty Kicks|Penalty Kicks|Penalty Kicks
|Squad|# Pl|MP|Starts|Min|90s|GA|GA90|SoTA|Saves|Save%|W|D|L|CS|CS%|PKatt|PKA|PKsv|PKm|Save%
0|Arsenal|1|18|18|1620|18.0|14|0.78|54|41|77.8|15|2|1|9|50.0|3|2|0|1|0.0
1|Aston Villa|2|19|19|1710|19.0|27|1.42|77|52|67.5|7|4|7|4|21.1|3|2|1|0|33.3
2|Bournemouth|2|19|19|1710|19.0|41|2.16|95|56|63.2|4|4|10|4|21.1|6|6|0|0|0.0
3|Brentford|1|19|19|1710|19.0|28|1.47|107|81|74.8|7|8|4|6|31.6|1|1|0|0|0.0
4|Brighton|1|18|18|1620|18.0|25|1.39|65|42|69.2|9|3|6|5|27.8|6|5|1|0|16.7
5|Chelsea|2|19|19|1710|19.0|21|1.11|82|63|74.4|8|4|6|6|31.6|0|0|0|0|
6|Crystal Palace|1|18|18|1620|18.0|26|1.44|77|52|66.2|6|4|8|4|22.2|0|0|0|0|
7|Everton|2|19|19|1710|19.0|26|1.37|101|75|76.2|3|6|10|4|21.1|2|2|0|0|0.0
8|Fulham|2|20|20|1800|20.0|29|1.45|110|81|76.4|9|4|7|5|25.0|3|3|0|0|0.0
9|Leeds United|1|18|18|1620|18.0|33|1.83|90|58|65.6|4|5|9|3|16.7|2|2|0|0|0.0
10|Leicester City|1|19|19|1710|19.0|33|1.74|86|55|64.0|5|2|12|6|31.6|2|2|0|0|0.0
11|Liverpool|1|18|18|1620|18.0|25|1.39|86|61|73.3|8|4|6|4|22.2|3|2|1|0|33.3
12|Manchester City|1|18|18|1620|18.0|18|1.0|45|28|64.4|12|3|3|7|38.9|2|2|0|0|0.0
13|Manchester Utd|1|18|18|1620|18.0|21|1.17|68|47|70.6|12|2|4|8|44.4|1|1|0|0|0.0
14|Newcastle Utd|1|19|19|1710|19.0|11|0.58|61|50|83.6|10|8|1|11|57.9|2|1|0|1|0.0
15|Nott'ham Forest|2|19|19|1710|19.0|34|1.79|93|57|65.6|5|5|9|6|31.6|5|2|2|1|50.0
16|Southampton|1|19|19|1710|19.0|34|1.79|75|43|54.7|4|3|12|1|5.3|1|0|1|0|100.0
17|Tottenham|2|19|19|1710|19.0|27|1.42|83|57|68.7|10|3|6|5|26.3|1|1|0|0|0.0
18|West Ham|2|19|19|1710|19.0|25|1.32|80|55|71.3|4|3|10|3|15.8|3|2|1|0|33.3
19|Wolves|1|19|19|1710|19.0|27|1.42|80|52|66.3|4|5|10|5|26.3|2|0|2|0|100.0
|Unnamed: 0_level_0|Unnamed: 1_level_0|Playing Time|Playing Time|Playing Time|Playing Time|Performance|Performance|Performance|Performance|Performance|Performance|Performance|Performance|Performance|Performance|Penalty Kicks|Penalty Kicks|Penalty Kicks|Penalty Kicks|Penalty Kicks
|Squad|# Pl|MP|Starts|Min|90s|GA|GA90|SoTA|Saves|Save%|W|D|L|CS|CS%|PKatt|PKA|PKsv|PKm|Save%
0|vs Arsenal|1|18|18|1620|18.0|42|2.33|99|59|58.6|1|2|15|1|5.6|1|1|0|0|0.0
1|vs Aston Villa|2|19|19|1710|19.0|22|1.16|76|54|73.7|8|4|7|6|31.6|2|2|0|0|0.0
2|vs Bournemouth|2|19|19|1710|19.0|18|0.95|60|42|70.0|11|4|4|11|57.9|0|0|0|0|
3|vs Brentford|1|19|19|1710|19.0|32|1.68|83|52|67.5|4|8|7|4|21.1|5|5|0|0|0.0
4|vs Brighton|1|18|18|1620|18.0|35|1.94|97|66|67.0|6|3|8|4|22.2|3|3|0|0|0.0
5|vs Chelsea|2|19|19|1710|19.0|22|1.16|78|55|74.4|7|4|8|5|26.3|2|2|0|0|0.0
6|vs Crystal Palace|1|18|18|1620|18.0|17|0.94|68|51|75.0|8|4|6|8|44.4|2|0|1|1|100.0
7|vs Everton|2|19|19|1710|19.0|15|0.79|65|51|78.5|10|6|3|7|36.8|1|1|0|0|0.0
8|vs Fulham|2|20|20|1800|20.0|32|1.6|81|50|65.4|7|4|9|3|15.0|7|4|2|1|33.3
9|vs Leeds United|1|18|18|1620|18.0|26|1.44|69|44|63.8|9|5|4|5|27.8|2|1|0|1|0.0
10|vs Leicester City|1|19|19|1710|19.0|26|1.37|78|53|67.9|12|2|5|6|31.6|2|1|1|0|50.0
11|vs Liverpool|1|18|18|1620|18.0|34|1.89|108|78|68.5|6|4|8|3|16.7|0|0|0|0|
12|vs Manchester City|1|18|18|1620|18.0|46|2.56|103|58|58.3|3|3|11|1|5.6|3|3|0|0|0.0
13|vs Manchester Utd|1|18|18|1620|18.0|29|1.61|94|67|70.2|4|2|11|2|11.1|1|1|0|0|0.0
14|vs Newcastle Utd|1|19|19|1710|19.0|33|1.74|92|60|67.4|1|8|9|5|26.3|3|3|0|0|0.0
15|vs Nott'ham Forest|2|19|19|1710|19.0|15|0.79|58|43|75.9|9|5|5|8|42.1|2|1|1|0|50.0
16|vs Southampton|1|19|19|1710|19.0|17|0.89|66|48|74.2|12|3|4|6|31.6|1|0|1|0|100.0
17|vs Tottenham|2|19|19|1710|19.0|37|1.95|107|71|67.3|6|3|10|3|15.8|3|2|1|0|33.3
18|vs West Ham|2|19|19|1710|19.0|15|0.79|71|54|84.5|12|3|3|9|47.4|6|4|2|0|33.3
19|vs Wolves|1|19|19|1710|19.0|12|0.63|62|50|83.9|10|5|4|9|47.4|2|2|0|0|0.0
|Unnamed: 0_level_0|Unnamed: 1_level_0|Unnamed: 2_level_0|Goals|Goals|Goals|Goals|Goals|Expected|Expected|Expected|Expected|Launched|Launched|Launched|Passes|Passes|Passes|Passes|Goal Kicks|Goal Kicks|Goal Kicks|Crosses|Crosses|Crosses|Sweeper|Sweeper|Sweeper
|Squad|# Pl|90s|GA|PKA|FK|CK|OG|PSxG|PSxG/SoT|PSxG+/-|/90|Cmp|Att|Cmp%|Att|Thr|Launch%|AvgLen|Att|Launch%|AvgLen|Opp|Stp|Stp%|#OPA|#OPA/90|AvgDist
0|Arsenal|1|18.0|14|2|0|1|1|16.6|0.27|3.6|0.2|61|221|27.6|442|90|38.9|35.3|73|67.1|53.8|200|12|6.0|19|1.06|14.6
1|Aston Villa|2|19.0|27|2|1|6|3|22.7|0.26|-1.3|-0.07|93|272|34.2|551|79|37.9|34.6|129|48.8|41.1|247|32|13.0|14|0.74|12.9
2|Bournemouth|2|19.0|41|6|0|11|2|34.3|0.3|-4.7|-0.25|130|277|46.9|393|84|43.0|34.9|175|61.7|45.1|370|16|4.3|10|0.53|10.7
3|Brentford|1|19.0|28|1|0|7|2|26.1|0.24|0.1|0.0|171|430|39.8|656|87|49.4|39.0|147|72.1|52.9|306|26|8.5|27|1.42|15.7
4|Brighton|1|18.0|25|5|0|3|3|21.8|0.25|-0.2|-0.01|54|191|28.3|520|87|27.5|31.0|112|42.9|38.4|188|15|8.0|11|0.61|12.7
5|Chelsea|2|19.0|21|0|0|5|2|25.0|0.32|6.0|0.32|54|161|33.5|520|93|19.8|26.8|130|44.6|34.7|265|15|5.7|34|1.79|16.7
6|Crystal Palace|1|18.0|26|0|0|4|1|22.5|0.3|-2.5|-0.14|73|205|35.6|443|97|32.7|31.5|137|43.8|34.4|290|21|7.2|22|1.22|13.6
7|Everton|2|19.0|26|2|1|3|0|27.1|0.26|1.1|0.06|132|381|34.6|530|91|50.6|39.8|167|67.7|50.9|300|9|3.0|26|1.37|15.0
8|Fulham|2|20.0|29|3|1|4|0|32.6|0.29|3.6|0.18|90|257|35.0|581|102|33.6|31.9|140|44.3|38.4|258|21|8.1|25|1.25|14.2
9|Leeds United|1|18.0|33|2|1|4|1|27.2|0.28|-4.8|-0.26|46|252|18.3|420|100|42.4|35.0|138|53.6|42.5|220|18|8.2|35|1.94|16.6
10|Leicester City|1|19.0|33|2|2|4|3|26.3|0.29|-3.7|-0.19|59|210|28.1|566|130|27.4|29.9|144|38.2|33.4|265|15|5.7|34|1.79|16.2
11|Liverpool|1|18.0|25|2|0|0|1|32.0|0.34|8.0|0.45|59|134|44.0|564|116|20.0|27.5|90|23.3|30.9|202|6|3.0|36|2.0|20.2
12|Manchester City|1|18.0|18|2|1|2|1|14.8|0.29|-2.2|-0.12|46|114|40.4|588|84|16.3|26.8|79|22.8|30.1|139|14|10.1|26|1.44|17.2
13|Manchester Utd|1|18.0|21|1|1|3|0|18.8|0.26|-2.2|-0.12|63|214|29.4|444|67|34.7|33.3|89|67.4|49.8|272|8|2.9|16|0.89|15.9
14|Newcastle Utd|1|19.0|11|1|0|3|0|14.3|0.23|3.3|0.17|70|216|32.4|388|128|35.3|33.9|103|76.7|55.5|245|18|7.3|43|2.26|18.6
15|Nott'ham Forest|2|19.0|34|2|1|6|0|30.3|0.29|-3.7|-0.2|120|355|33.8|531|108|48.4|39.0|163|60.1|45.4|305|20|6.6|27|1.42|15.5
16|Southampton|1|19.0|34|0|1|5|3|22.1|0.28|-8.9|-0.47|140|397|35.3|587|97|51.8|38.9|135|68.9|51.7|269|24|8.9|29|1.53|14.3
17|Tottenham|2|19.0|27|1|0|3|1|23.6|0.28|-2.4|-0.12|58|144|40.3|397|87|28.5|30.7|143|21.7|24.3|230|14|6.1|26|1.37|14.7
18|West Ham|2|19.0|25|2|0|0|1|24.2|0.27|0.2|0.01|112|270|41.5|407|100|48.2|37.7|129|57.4|43.1|254|15|5.9|7|0.37|11.7
19|Wolves|1|19.0|27|0|0|4|1|23.3|0.27|-2.7|-0.14|64|207|30.9|496|98|27.0|29.9|141|51.8|42.0|286|22|7.7|17|0.89|13.1
|Unnamed: 0_level_0|Unnamed: 1_level_0|Unnamed: 2_level_0|Goals|Goals|Goals|Goals|Goals|Expected|Expected|Expected|Expected|Launched|Launched|Launched|Passes|Passes|Passes|Passes|Goal Kicks|Goal Kicks|Goal Kicks|Crosses|Crosses|Crosses|Sweeper|Sweeper|Sweeper
|Squad|# Pl|90s|GA|PKA|FK|CK|OG|PSxG|PSxG/SoT|PSxG+/-|/90|Cmp|Att|Cmp%|Att|Thr|Launch%|AvgLen|Att|Launch%|AvgLen|Opp|Stp|Stp%|#OPA|#OPA/90|AvgDist
0|vs Arsenal|1|18.0|42|1|0|6|2|33.0|0.33|-7.0|-0.39|83|228|36.4|436|79|33.7|32.3|147|55.1|42.9|231|16|6.9|18|1.0|12.6
1|vs Aston Villa|2|19.0|22|2|1|3|0|21.3|0.27|-0.7|-0.04|76|179|42.5|475|103|29.1|31.4|109|37.6|34.6|247|17|6.9|19|1.0|14.7
2|vs Bournemouth|2|19.0|18|0|0|3|0|15.6|0.27|-2.4|-0.13|53|152|34.9|434|90|26.7|30.8|91|39.6|37.5|207|14|6.8|16|0.84|15.8
3|vs Brentford|1|19.0|32|5|1|5|1|30.0|0.31|-1.0|-0.06|77|247|31.2|424|94|39.2|35.8|121|66.9|48.2|256|16|6.3|25|1.32|15.8
4|vs Brighton|1|18.0|35|3|1|0|4|28.2|0.27|-2.8|-0.16|80|248|32.3|512|92|34.6|32.9|131|54.2|42.0|256|22|8.6|27|1.5|13.1
5|vs Chelsea|2|19.0|22|2|1|3|0|23.5|0.28|1.5|0.08|90|246|36.6|474|88|38.4|34.4|127|50.4|41.4|260|15|5.8|22|1.16|16.2
6|vs Crystal Palace|1|18.0|17|0|0|3|1|20.1|0.28|4.1|0.23|69|176|39.2|466|91|30.0|30.8|114|31.6|30.6|191|9|4.7|26|1.44|16.4
7|vs Everton|2|19.0|15|1|0|2|1|14.8|0.21|0.8|0.04|69|190|36.3|466|99|27.9|30.4|125|48.0|38.9|259|17|6.6|30|1.58|14.5
8|vs Fulham|2|20.0|32|4|0|9|3|29.8|0.3|0.8|0.04|75|230|32.6|577|104|29.8|30.7|119|48.7|41.9|310|21|6.8|16|0.8|13.9
9|vs Leeds United|1|18.0|26|1|0|5|1|24.4|0.34|-0.6|-0.03|75|243|30.9|485|97|37.9|34.3|133|44.4|38.2|234|21|9.0|19|1.06|13.8
10|vs Leicester City|1|19.0|26|1|2|1|2|20.3|0.24|-3.7|-0.2|116|270|43.0|549|95|35.0|33.0|123|63.4|48.5|207|19|9.2|27|1.42|15.8
11|vs Liverpool|1|18.0|34|0|0|8|4|30.7|0.29|0.7|0.04|99|354|28.0|464|93|51.1|39.7|173|67.6|48.9|329|19|5.8|16|0.89|13.1
12|vs Manchester City|1|18.0|46|3|1|6|1|35.8|0.32|-9.2|-0.51|118|346|34.1|603|96|42.3|36.2|155|58.7|44.9|301|20|6.6|17|0.94|14.5
13|vs Manchester Utd|1|18.0|29|1|0|1|2|31.2|0.33|4.2|0.23|109|289|37.7|646|99|34.7|32.0|123|52.8|42.1|185|8|4.3|37|2.06|19.8
14|vs Newcastle Utd|1|19.0|33|3|1|5|1|30.6|0.31|-1.4|-0.07|104|350|29.7|550|125|45.3|37.7|144|70.1|50.5|284|30|10.6|28|1.47|14.7
15|vs Nott'ham Forest|2|19.0|15|1|0|3|1|17.5|0.27|3.5|0.19|47|151|31.1|470|104|24.3|28.7|114|32.5|31.8|228|12|5.3|33|1.74|17.9
16|vs Southampton|1|19.0|17|0|2|1|0|16.2|0.23|-0.8|-0.04|83|216|38.4|492|105|32.5|32.4|129|43.4|39.3|267|17|6.4|15|0.79|12.8
17|vs Tottenham|2|19.0|37|2|0|10|2|30.9|0.27|-4.1|-0.22|108|330|32.7|508|94|49.2|37.9|117|68.4|50.4|292|14|4.8|29|1.53|15.4
18|vs West Ham|2|19.0|15|4|0|2|0|18.6|0.21|3.6|0.19|81|241|33.6|529|86|31.6|31.9|143|51.7|42.2|314|19|6.1|25|1.32|15.0
19|vs Wolves|1|19.0|12|2|0|2|0|13.2|0.18|1.2|0.06|83|222|37.4|464|91|35.6|33.5|126|45.2|37.1|253|15|5.9|39|2.05|19.0
|Unnamed: 0_level_0|Unnamed: 1_level_0|Unnamed: 2_level_0|Standard|Standard|Standard|Standard|Standard|Standard|Standard|Standard|Standard|Standard|Standard|Standard|Expected|Expected|Expected|Expected|Expected
|Squad|# Pl|90s|Gls|Sh|SoT|SoT%|Sh/90|SoT/90|G/Sh|G/SoT|Dist|FK|PK|PKatt|xG|npxG|npxG/Sh|G-xG|np:G-xG
0|Arsenal|23|18.0|40|282|98|34.8|15.67|5.44|0.14|0.4|16.0|10|1|1|34.1|33.7|0.12|5.9|5.3
1|Aston Villa|24|19.0|22|211|74|35.1|11.11|3.89|0.09|0.27|18.6|8|2|2|23.2|21.7|0.1|-1.2|-1.7
2|Bournemouth|25|19.0|18|151|60|39.7|7.95|3.16|0.12|0.3|16.1|7|0|0|13.8|13.8|0.09|4.2|4.2
3|Brentford|25|19.0|31|191|78|40.8|10.05|4.11|0.14|0.33|15.6|6|5|5|27.0|23.2|0.13|4.0|2.8
4|Brighton|23|18.0|31|243|94|38.7|13.5|5.22|0.12|0.3|16.9|6|3|3|27.4|25.1|0.1|3.6|2.9
5|Chelsea|28|19.0|22|219|76|34.7|11.53|4.0|0.09|0.26|16.5|3|2|2|22.2|20.8|0.1|-0.2|-0.8
6|Crystal Palace|20|18.0|16|200|67|33.5|11.11|3.72|0.08|0.24|18.3|10|0|2|17.5|15.8|0.08|-1.5|0.2
7|Everton|28|19.0|14|192|64|33.3|10.11|3.37|0.07|0.2|16.9|5|1|1|19.9|19.1|0.1|-5.9|-6.1
8|Fulham|27|20.0|29|230|75|32.6|11.5|3.75|0.11|0.33|16.2|7|4|7|27.5|22.0|0.1|1.5|3.0
9|Leeds United|26|18.0|25|227|68|30.0|12.61|3.78|0.11|0.35|17.0|11|1|2|25.3|23.7|0.11|-0.3|0.3
10|Leicester City|23|19.0|24|203|76|37.4|10.68|4.0|0.11|0.3|18.5|7|1|2|21.8|20.2|0.1|2.2|2.8
11|Liverpool|27|18.0|30|299|108|36.1|16.61|6.0|0.1|0.28|15.7|2|0|0|32.1|32.1|0.11|-2.1|-2.1
12|Manchester City|21|18.0|45|303|100|33.0|16.83|5.56|0.14|0.42|16.9|6|3|3|36.3|34.0|0.12|8.7|8.0
13|Manchester Utd|22|18.0|27|251|93|37.1|13.94|5.17|0.1|0.28|18.2|10|1|1|27.1|26.3|0.11|-0.1|-0.3
14|Newcastle Utd|24|19.0|32|271|89|32.8|14.26|4.68|0.11|0.33|16.0|10|3|3|31.6|29.3|0.11|0.4|-0.3
15|Nott'ham Forest|27|19.0|14|191|56|29.3|10.05|2.95|0.07|0.23|17.6|9|1|2|21.2|19.6|0.11|-7.2|-6.6
16|Southampton|27|19.0|17|216|65|30.1|11.37|3.42|0.08|0.26|17.4|9|0|1|19.1|18.2|0.09|-2.1|-1.2
17|Tottenham|25|19.0|35|270|104|38.5|14.21|5.47|0.12|0.32|16.3|7|2|3|28.8|26.5|0.1|6.2|6.5
18|West Ham|24|19.0|15|256|65|25.4|13.47|3.42|0.04|0.17|18.7|7|4|6|23.4|19.4|0.08|-8.4|-8.4
19|Wolves|28|19.0|12|219|60|27.4|11.53|3.16|0.05|0.17|18.4|12|2|2|18.1|16.6|0.08|-6.1|-6.6
|Unnamed: 0_level_0|Unnamed: 1_level_0|Unnamed: 2_level_0|Standard|Standard|Standard|Standard|Standard|Standard|Standard|Standard|Standard|Standard|Standard|Standard|Expected|Expected|Expected|Expected|Expected
|Squad|# Pl|90s|Gls|Sh|SoT|SoT%|Sh/90|SoT/90|G/Sh|G/SoT|Dist|FK|PK|PKatt|xG|npxG|npxG/Sh|G-xG|np:G-xG
0|vs Arsenal|23|18.0|13|153|52|34.0|8.5|2.89|0.07|0.21|17.0|4|2|3|16.6|14.3|0.09|-3.6|-3.3
1|vs Aston Villa|24|19.0|24|218|74|33.9|11.47|3.89|0.1|0.3|16.6|8|2|3|25.9|23.6|0.11|-1.9|-1.6
2|vs Bournemouth|25|19.0|39|295|89|30.2|15.53|4.68|0.11|0.37|17.4|9|6|6|31.2|26.5|0.09|7.8|6.5
3|vs Brentford|25|19.0|26|295|106|35.9|15.53|5.58|0.08|0.24|18.8|6|1|1|25.2|24.5|0.09|0.8|0.5
4|vs Brighton|23|18.0|22|172|59|34.3|9.56|3.28|0.1|0.29|16.5|5|5|6|23.0|18.2|0.11|-1.0|-1.2
5|vs Chelsea|28|19.0|19|210|82|39.0|11.05|4.32|0.09|0.23|16.5|5|0|0|25.0|25.0|0.12|-6.0|-6.0
6|vs Crystal Palace|20|18.0|25|239|77|32.2|13.28|4.28|0.1|0.32|15.6|6|0|0|24.3|24.3|0.11|0.7|0.7
7|vs Everton|28|19.0|26|307|99|32.2|16.16|5.21|0.08|0.24|16.3|9|2|2|31.3|29.8|0.1|-5.3|-5.8
8|vs Fulham|27|20.0|29|270|107|39.6|13.5|5.35|0.1|0.24|16.0|10|3|3|34.5|32.7|0.13|-5.5|-6.7
9|vs Leeds United|26|18.0|32|245|88|35.9|13.61|4.89|0.12|0.34|16.9|8|2|2|29.3|27.8|0.12|2.7|2.2
10|vs Leicester City|23|19.0|30|256|84|32.8|13.47|4.42|0.11|0.33|17.1|8|2|2|30.4|28.9|0.11|-0.4|-0.9
11|vs Liverpool|27|18.0|24|183|83|45.4|10.17|4.61|0.12|0.27|15.7|6|2|3|25.6|23.5|0.13|-1.6|-1.5
12|vs Manchester City|21|18.0|17|127|43|33.9|7.06|2.39|0.12|0.35|18.4|6|2|2|14.0|12.4|0.1|3.0|2.6
13|vs Manchester Utd|22|18.0|21|207|67|32.4|11.5|3.72|0.1|0.3|16.9|10|1|1|19.9|19.1|0.09|1.1|0.9
14|vs Newcastle Utd|24|19.0|11|203|60|29.6|10.68|3.16|0.05|0.17|17.8|5|1|2|17.4|15.9|0.08|-6.4|-5.9
15|vs Nott'ham Forest|27|19.0|34|262|89|34.0|13.79|4.68|0.12|0.36|16.8|12|2|5|29.0|25.3|0.1|5.0|6.7
16|vs Southampton|27|19.0|31|232|74|31.9|12.21|3.89|0.13|0.42|16.5|6|0|1|24.7|24.0|0.11|6.3|7.0
17|vs Tottenham|25|19.0|26|271|82|30.3|14.26|4.32|0.09|0.3|18.9|9|1|1|22.2|21.4|0.08|3.8|3.6
18|vs West Ham|24|19.0|24|227|77|33.9|11.95|4.05|0.1|0.29|18.1|7|2|3|21.8|19.4|0.09|2.2|2.6
19|vs Wolves|28|19.0|26|253|78|30.8|13.32|4.11|0.1|0.33|17.0|13|0|2|26.1|24.5|0.1|-0.1|1.5
|Unnamed: 0_level_0|Unnamed: 1_level_0|Unnamed: 2_level_0|Unnamed: 3_level_0|Total|Total|Total|Total|Short|Short|Short|Medium|Medium|Medium|Long|Long|Long|Unnamed: 17_level_0|Unnamed: 18_level_0|Unnamed: 19_level_0|Unnamed: 20_level_0|Unnamed: 21_level_0|Unnamed: 22_level_0|Unnamed: 23_level_0|Unnamed: 24_level_0|Unnamed: 25_level_0
|Squad|# Pl|90s|Cmp|Att|Cmp%|TotDist|PrgDist|Cmp|Att|Cmp%|Cmp|Att|Cmp%|Cmp|Att|Cmp%|Ast|xAG|xA|A-xAG|KP|1/3|PPA|CrsPA|Prog
0|Arsenal|23|18.0|8258|9904|83.4|142630|48097|3807|4198|90.7|3569|4027|88.6|697|1215|57.4|29|24.1|20.6|4.9|210|752|197|28|635
1|Aston Villa|24|19.0|6837|8782|77.9|121556|44132|3052|3498|87.2|2887|3390|85.2|707|1384|51.1|14|16.7|14.0|-2.7|150|534|128|42|451
2|Bournemouth|25|19.0|5821|7664|76.0|102640|41670|2671|3118|85.7|2371|2831|83.8|587|1201|48.9|14|11.2|11.5|2.8|118|397|111|38|344
3|Brentford|25|19.0|5592|7717|72.5|102698|42496|2574|3073|83.8|2166|2725|79.5|698|1451|48.1|16|16.4|13.3|-0.4|133|446|126|37|375
4|Brighton|23|18.0|8388|10217|82.1|143920|48620|3933|4375|89.9|3458|3955|87.4|758|1327|57.1|18|19.5|18.7|-1.5|194|651|183|36|576
5|Chelsea|28|19.0|9330|11243|83.0|153081|51569|4699|5201|90.3|3687|4185|88.1|695|1250|55.6|15|16.8|15.2|-1.8|170|660|169|39|558
6|Crystal Palace|20|18.0|6606|8399|78.7|117466|43084|2998|3395|88.3|2827|3285|86.1|634|1308|48.5|15|13.5|9.9|1.5|152|457|95|13|398
7|Everton|28|19.0|6420|8301|77.3|118137|42416|2811|3197|87.9|2736|3199|85.5|743|1505|49.4|11|13.8|11.9|-2.8|136|476|109|31|361
8|Fulham|27|20.0|6968|9128|76.3|128197|45442|2923|3437|85.0|3099|3701|83.7|785|1466|53.5|18|16.1|11.7|1.9|169|508|150|51|452
9|Leeds United|26|18.0|6265|8407|74.5|101758|40229|3072|3591|85.5|2440|3024|80.7|483|1176|41.1|18|17.2|13.0|0.8|175|531|128|24|501
10|Leicester City|23|19.0|8523|10473|81.4|143078|49128|4064|4562|89.1|3541|4062|87.2|680|1279|53.2|18|18.0|14.3|0.0|161|652|135|33|531
11|Liverpool|27|18.0|9447|11599|81.4|168685|58194|4213|4727|89.1|3960|4578|86.5|1016|1679|60.5|24|25.5|24.6|-1.5|229|792|229|46|715
12|Manchester City|21|18.0|11416|13047|87.5|196524|57372|5344|5758|92.8|4882|5378|90.8|984|1412|69.7|37|28.4|28.9|8.6|246|884|250|46|720
13|Manchester Utd|22|18.0|7494|9362|80.0|124925|43273|3798|4277|88.8|2787|3248|85.8|679|1274|53.3|23|21.4|20.1|1.6|203|568|165|28|513
14|Newcastle Utd|24|19.0|6618|8612|76.8|118193|44652|3034|3511|86.4|2666|3182|83.8|746|1401|53.2|20|23.0|21.6|-3.0|208|522|196|39|556
15|Nott'ham Forest|27|19.0|5264|7276|72.3|96767|37164|2166|2610|83.0|2330|2851|81.7|617|1371|45.0|8|15.3|10.6|-7.3|130|347|92|30|319
16|Southampton|27|19.0|6093|8249|73.9|106545|40828|2931|3411|85.9|2348|2918|80.5|640|1394|45.9|12|15.6|14.5|-3.6|162|487|135|41|409
17|Tottenham|25|19.0|8582|10456|82.1|149673|49892|3873|4312|89.8|3627|4142|87.6|824|1381|59.7|24|21.5|18.6|2.5|206|587|179|58|586
18|West Ham|24|19.0|6736|8733|77.1|120856|45357|3164|3597|88.0|2636|3155|83.5|785|1464|53.6|6|14.0|11.6|-8.0|179|545|111|43|463
19|Wolves|28|19.0|7237|9047|80.0|132333|44253|3151|3557|88.6|3142|3608|87.1|791|1410|56.1|8|13.0|11.0|-5.0|163|601|144|38|527
|Unnamed: 0_level_0|Unnamed: 1_level_0|Unnamed: 2_level_0|Unnamed: 3_level_0|Total|Total|Total|Total|Short|Short|Short|Medium|Medium|Medium|Long|Long|Long|Unnamed: 17_level_0|Unnamed: 18_level_0|Unnamed: 19_level_0|Unnamed: 20_level_0|Unnamed: 21_level_0|Unnamed: 22_level_0|Unnamed: 23_level_0|Unnamed: 24_level_0|Unnamed: 25_level_0
|Squad|# Pl|90s|Cmp|Att|Cmp%|TotDist|PrgDist|Cmp|Att|Cmp%|Cmp|Att|Cmp%|Cmp|Att|Cmp%|Ast|xAG|xA|A-xAG|KP|1/3|PPA|CrsPA|Prog
0|vs Arsenal|23|18.0|5835|7601|76.8|102254|37236|2718|3092|87.9|2371|2832|83.7|579|1200|48.3|8|11.9|10.4|-3.9|117|376|102|22|307
1|vs Aston Villa|24|19.0|7618|9616|79.2|136043|47978|3488|3993|87.4|3113|3645|85.4|852|1455|58.6|13|16.5|13.4|-3.5|159|543|150|30|487
2|vs Bournemouth|25|19.0|9373|11337|82.7|165541|53589|4191|4663|89.9|4029|4591|87.8|929|1506|61.7|27|21.1|20.3|5.9|221|821|215|48|646
3|vs Brentford|25|19.0|8080|10135|79.7|133225|45532|4082|4579|89.1|3054|3626|84.2|663|1341|49.4|19|19.0|19.3|0.0|225|680|198|46|558
4|vs Brighton|23|18.0|6072|7794|77.9|104658|39310|2869|3271|87.7|2478|2921|84.8|557|1174|47.4|13|13.2|12.3|-0.2|129|448|117|24|388
5|vs Chelsea|28|19.0|6224|8105|76.8|110108|42620|2855|3311|86.2|2523|3036|83.1|675|1265|53.4|14|20.5|13.8|-6.5|163|507|121|34|455
6|vs Crystal Palace|20|18.0|7969|9874|80.7|138084|49464|3672|4145|88.6|3280|3792|86.5|774|1360|56.9|18|17.8|16.9|0.2|174|604|195|49|582
7|vs Everton|28|19.0|8197|10180|80.5|140996|48734|3827|4309|88.8|3427|4009|85.5|722|1305|55.3|18|23.3|18.7|-5.3|237|613|175|56|555
8|vs Fulham|27|20.0|8141|10283|79.2|143201|50993|3772|4324|87.2|3358|3862|86.9|806|1494|53.9|17|25.3|19.6|-8.3|197|604|189|46|570
9|vs Leeds United|26|18.0|6565|8631|76.1|121904|44532|2724|3191|85.4|2870|3449|83.2|794|1462|54.3|19|22.4|15.0|-3.4|178|474|125|25|462
10|vs Leicester City|23|19.0|7806|9807|79.6|140482|48344|3412|3864|88.3|3348|3890|86.1|843|1494|56.4|22|23.6|16.7|-1.6|189|601|152|44|500
11|vs Liverpool|27|18.0|5778|7771|74.4|102282|40444|2676|3156|84.8|2294|2788|82.3|626|1341|46.7|17|17.9|14.7|-0.9|139|458|131|35|430
12|vs Manchester City|21|18.0|5183|6713|77.2|94431|34954|2246|2557|87.8|2239|2586|86.6|559|1190|47.0|12|10.8|8.9|1.2|99|296|90|24|300
13|vs Manchester Utd|22|18.0|6830|8727|78.3|120192|43261|3163|3628|87.2|2852|3352|85.1|661|1288|51.3|13|14.4|16.0|-1.4|155|469|144|38|465
14|vs Newcastle Utd|24|19.0|6523|8559|76.2|115523|42329|3040|3460|87.9|2695|3244|83.1|659|1383|47.7|10|13.7|15.1|-3.7|161|529|116|31|462
15|vs Nott'ham Forest|27|19.0|9260|11272|82.2|156863|51724|4378|4858|90.1|3887|4427|87.8|764|1426|53.6|23|20.3|19.1|2.7|209|729|185|36|622
16|vs Southampton|27|19.0|8118|10315|78.7|145326|53092|3658|4203|87.0|3410|4015|84.9|858|1537|55.8|27|19.6|18.1|7.4|179|665|168|45|606
17|vs Tottenham|25|19.0|8043|9878|81.4|138844|45041|3811|4245|89.8|3286|3751|87.6|758|1397|54.3|20|16.1|15.7|3.9|216|709|141|32|500
18|vs West Ham|24|19.0|8746|10654|82.1|147126|50314|4189|4608|90.9|3539|4047|87.4|725|1388|52.2|18|15.4|13.5|2.6|168|637|149|27|556
19|vs Wolves|28|19.0|7534|9364|80.5|132579|48377|3507|3948|88.8|3106|3581|86.7|745|1342|55.5|20|18.5|18.0|1.5|179|634|169|49|539
|Unnamed: 0_level_0|Unnamed: 1_level_0|Unnamed: 2_level_0|Unnamed: 3_level_0|Pass Types|Pass Types|Pass Types|Pass Types|Pass Types|Pass Types|Pass Types|Pass Types|Corner Kicks|Corner Kicks|Corner Kicks|Outcomes|Outcomes|Outcomes
|Squad|# Pl|90s|Att|Live|Dead|FK|TB|Sw|Crs|TI|CK|In|Out|Str|Cmp|Off|Blocks
0|Arsenal|23|18.0|9904|9124|755|253|29|44|288|287|96|74|4|0|8258|25|151
1|Aston Villa|24|19.0|8782|7855|890|264|23|57|313|375|75|44|12|3|6837|37|162
2|Bournemouth|25|19.0|7664|6753|895|224|12|45|260|362|72|44|10|4|5821|16|182
3|Brentford|25|19.0|7717|6809|872|225|30|53|312|361|87|42|21|8|5592|36|139
4|Brighton|23|18.0|10217|9329|855|203|34|83|330|377|108|59|31|2|8388|33|186
5|Chelsea|28|19.0|11243|10302|901|244|24|68|320|380|104|56|30|2|9330|40|192
6|Crystal Palace|20|18.0|8399|7498|879|265|11|67|243|351|82|37|24|4|6606|22|154
7|Everton|28|19.0|8301|7380|887|234|25|62|312|355|85|60|21|0|6420|34|143
8|Fulham|27|20.0|9128|8139|957|229|10|87|387|432|101|39|39|0|6968|32|220
9|Leeds United|26|18.0|8407|7420|960|226|18|41|301|443|101|47|40|4|6265|27|193
10|Leicester City|23|19.0|10473|9589|853|219|40|48|267|365|73|39|22|3|8523|31|196
11|Liverpool|27|18.0|11599|10689|870|195|45|98|398|417|125|33|84|0|9447|40|187
12|Manchester City|21|18.0|13047|12293|726|196|41|108|385|291|118|39|47|2|11416|28|149
13|Manchester Utd|22|18.0|9362|8597|723|139|46|95|241|325|77|29|22|0|7494|42|176
14|Newcastle Utd|24|19.0|8612|7717|851|227|36|80|361|357|128|45|41|11|6618|44|176
15|Nott'ham Forest|27|19.0|7276|6370|877|239|18|35|288|362|60|31|27|1|5264|29|154
16|Southampton|27|19.0|8249|7346|882|203|16|52|342|406|82|38|40|0|6093|21|193
17|Tottenham|25|19.0|10456|9558|864|185|27|90|401|374|115|66|22|0|8582|34|214
18|West Ham|24|19.0|8733|7861|843|170|15|98|410|388|98|57|31|1|6736|29|196
19|Wolves|28|19.0|9047|8182|830|204|21|77|337|345|94|33|42|2|7237|35|173
|Unnamed: 0_level_0|Unnamed: 1_level_0|Unnamed: 2_level_0|Unnamed: 3_level_0|Pass Types|Pass Types|Pass Types|Pass Types|Pass Types|Pass Types|Pass Types|Pass Types|Corner Kicks|Corner Kicks|Corner Kicks|Outcomes|Outcomes|Outcomes
|Squad|# Pl|90s|Att|Live|Dead|FK|TB|Sw|Crs|TI|CK|In|Out|Str|Cmp|Off|Blocks
0|vs Arsenal|23|18.0|7601|6724|829|201|26|60|271|346|72|42|22|3|5835|48|152
1|vs Aston Villa|24|19.0|9616|8670|913|235|23|111|316|418|104|53|33|2|7618|33|197
2|vs Bournemouth|25|19.0|11337|10488|816|202|16|70|472|354|129|59|46|1|9373|33|195
3|vs Brentford|25|19.0|10135|9243|860|179|25|55|395|388|111|56|43|3|8080|32|156
4|vs Brighton|23|18.0|7794|6964|807|212|18|44|230|328|70|26|34|1|6072|23|156
5|vs Chelsea|28|19.0|8105|7175|907|233|15|43|338|398|98|63|12|1|6224|23|184
6|vs Crystal Palace|20|18.0|9874|8975|862|235|22|74|362|385|86|43|25|4|7969|37|186
7|vs Everton|28|19.0|10180|9220|935|202|27|61|390|438|128|60|34|1|8197|25|203
8|vs Fulham|27|20.0|10283|9311|921|223|44|83|324|409|108|46|35|1|8141|51|208
9|vs Leeds United|26|18.0|8631|7648|948|252|29|83|286|431|87|40|31|4|6565|35|198
10|vs Leicester City|23|19.0|9807|8900|871|217|33|93|341|373|112|64|27|2|7806|36|194
11|vs Liverpool|27|18.0|7771|6927|803|191|38|60|254|323|62|37|18|1|5778|41|146
12|vs Manchester City|21|18.0|6713|6005|673|167|14|55|165|240|38|21|9|2|5183|35|124
13|vs Manchester Utd|22|18.0|8727|7867|841|241|13|61|340|326|98|48|26|2|6830|19|175
14|vs Newcastle Utd|24|19.0|8559|7620|901|243|26|65|295|373|83|40|35|0|6523|38|192
15|vs Nott'ham Forest|27|19.0|11272|10321|919|227|37|57|399|413|124|49|50|4|9260|32|186
16|vs Southampton|27|19.0|10315|9391|897|223|23|98|329|402|104|41|39|2|8118|27|202
17|vs Tottenham|25|19.0|9878|9047|809|222|21|73|299|321|85|31|28|10|8043|22|157
18|vs West Ham|24|19.0|10654|9804|825|205|43|59|327|345|88|45|32|0|8746|25|153
19|vs Wolves|28|19.0|9364|8511|833|234|28|83|363|342|94|48|31|3|7534|20|172
|Unnamed: 0_level_0|Unnamed: 1_level_0|Unnamed: 2_level_0|SCA|SCA|SCA Types|SCA Types|SCA Types|SCA Types|SCA Types|SCA Types|GCA|GCA|GCA Types|GCA Types|GCA Types|GCA Types|GCA Types|GCA Types
|Squad|# Pl|90s|SCA|SCA90|PassLive|PassDead|Drib|Sh|Fld|Def|GCA|GCA90|PassLive|PassDead|Drib|Sh|Fld|Def
0|Arsenal|23|18.0|499|27.72|363|43|21|37|25|10|70|3.89|56|4|0|9|1|0
1|Aston Villa|24|19.0|366|19.26|284|20|22|18|17|5|38|2.0|25|0|4|5|3|1
2|Bournemouth|25|19.0|261|13.74|190|22|16|17|12|4|31|1.63|21|3|0|5|1|1
3|Brentford|25|19.0|329|17.32|217|48|12|26|21|5|50|2.63|29|5|1|6|7|2
4|Brighton|23|18.0|434|24.11|338|34|19|23|15|5|53|2.94|42|0|4|3|4|0
5|Chelsea|28|19.0|395|20.79|324|27|10|19|11|4|41|2.16|34|1|1|2|3|0
6|Crystal Palace|20|18.0|355|19.72|243|32|27|22|24|7|30|1.67|18|5|3|2|1|1
7|Everton|28|19.0|330|17.37|235|34|11|23|19|8|24|1.26|17|3|1|1|1|1
8|Fulham|27|20.0|412|20.6|292|47|15|30|23|5|49|2.45|29|6|3|7|3|1
9|Leeds United|26|18.0|383|21.28|270|48|15|22|22|6|37|2.06|23|3|2|6|2|1
10|Leicester City|23|19.0|361|19.0|287|19|13|19|17|6|43|2.26|31|1|2|4|4|1
11|Liverpool|27|18.0|521|28.94|382|50|27|42|14|6|55|3.06|39|5|4|5|1|1
12|Manchester City|21|18.0|559|31.06|434|44|17|41|17|6|85|4.72|71|3|2|4|4|1
13|Manchester Utd|22|18.0|447|24.83|371|20|13|25|13|5|49|2.72|40|2|3|2|2|0
14|Newcastle Utd|24|19.0|484|25.47|338|53|21|34|32|6|49|2.58|33|3|5|5|2|1
15|Nott'ham Forest|27|19.0|316|16.63|229|24|16|19|17|11|21|1.11|9|2|1|8|1|0
16|Southampton|27|19.0|374|19.68|271|41|18|19|21|4|30|1.58|18|3|5|1|3|0
17|Tottenham|25|19.0|487|25.63|375|34|21|25|20|12|62|3.26|45|5|3|5|2|2
18|West Ham|24|19.0|456|24.0|338|41|13|39|18|7|24|1.26|13|2|1|5|3|0
19|Wolves|28|19.0|389|20.47|292|29|19|23|19|7|21|1.11|19|0|1|1|0|0
|Unnamed: 0_level_0|Unnamed: 1_level_0|Unnamed: 2_level_0|SCA|SCA|SCA Types|SCA Types|SCA Types|SCA Types|SCA Types|SCA Types|GCA|GCA|GCA Types|GCA Types|GCA Types|GCA Types|GCA Types|GCA Types
|Squad|# Pl|90s|SCA|SCA90|PassLive|PassDead|Drib|Sh|Fld|Def|GCA|GCA90|PassLive|PassDead|Drib|Sh|Fld|Def
0|vs Arsenal|23|18.0|254|14.11|184|27|9|15|14|5|23|1.28|20|0|0|1|2|0
1|vs Aston Villa|24|19.0|380|20.0|270|41|16|30|19|4|41|2.16|28|3|2|5|2|1
2|vs Bournemouth|25|19.0|539|28.37|402|56|13|31|25|12|68|3.58|41|12|0|11|4|0
3|vs Brentford|25|19.0|519|27.32|405|42|16|37|12|7|46|2.42|32|6|2|4|1|1
4|vs Brighton|23|18.0|313|17.39|220|30|14|23|20|6|37|2.06|24|0|3|5|4|1
5|vs Chelsea|28|19.0|369|19.42|278|29|18|24|14|6|29|1.53|16|3|1|6|1|2
6|vs Crystal Palace|20|18.0|418|23.22|312|37|19|27|20|3|44|2.44|32|1|5|6|0|0
7|vs Everton|28|19.0|548|28.84|406|57|17|35|21|12|45|2.37|31|1|3|6|4|0
8|vs Fulham|27|20.0|478|23.9|360|34|15|42|24|3|50|2.5|33|1|1|11|4|0
9|vs Leeds United|26|18.0|424|23.56|292|43|33|26|23|7|58|3.22|36|3|8|5|4|2
10|vs Leicester City|23|19.0|444|23.37|324|43|19|22|26|10|50|2.63|36|3|3|2|4|2
11|vs Liverpool|27|18.0|329|18.28|253|26|15|18|16|1|41|2.28|30|1|5|2|3|0
12|vs Manchester City|21|18.0|221|12.28|171|10|11|10|12|7|27|1.5|17|3|1|1|4|1
13|vs Manchester Utd|22|18.0|359|19.94|250|43|18|27|18|3|35|1.94|26|2|0|3|3|1
14|vs Newcastle Utd|24|19.0|362|19.05|263|26|24|24|17|8|21|1.11|17|2|1|1|0|0
15|vs Nott'ham Forest|27|19.0|482|25.37|359|42|19|34|24|4|59|3.11|47|5|0|4|2|1
16|vs Southampton|27|19.0|415|21.84|323|30|16|24|12|10|55|2.89|44|4|2|2|2|1
17|vs Tottenham|25|19.0|468|24.63|367|32|17|26|21|5|48|2.53|36|2|5|4|1|0
18|vs West Ham|24|19.0|406|21.37|316|29|18|23|15|5|43|2.26|33|2|2|4|2|0
19|vs Wolves|28|19.0|430|22.63|318|33|19|25|24|11|42|2.21|33|2|2|3|1|1
|Unnamed: 0_level_0|Unnamed: 1_level_0|Unnamed: 2_level_0|Tackles|Tackles|Tackles|Tackles|Tackles|Vs Dribbles|Vs Dribbles|Vs Dribbles|Vs Dribbles|Blocks|Blocks|Blocks|Unnamed: 15_level_0|Unnamed: 16_level_0|Unnamed: 17_level_0|Unnamed: 18_level_0
|Squad|# Pl|90s|Tkl|TklW|Def 3rd|Mid 3rd|Att 3rd|Tkl|Att|Tkl%|Past|Blocks|Sh|Pass|Int|Tkl+Int|Clr|Err
0|Arsenal|23|18.0|266|163|116|95|55|107|191|56.0|84|168|43|125|130|396|328|12
1|Aston Villa|24|19.0|356|179|179|135|42|159|273|58.2|114|241|66|175|180|536|339|5
2|Bournemouth|25|19.0|321|194|158|130|33|134|254|52.8|120|237|88|149|149|470|501|1
3|Brentford|25|19.0|294|162|136|112|46|129|266|48.5|137|222|94|128|176|470|426|8
4|Brighton|23|18.0|302|169|135|120|47|125|228|54.8|103|188|44|144|162|464|233|5
5|Chelsea|28|19.0|376|208|174|142|60|169|289|58.5|120|209|48|161|174|550|355|7
6|Crystal Palace|20|18.0|339|200|181|118|40|134|236|56.8|102|238|69|169|152|491|402|3
7|Everton|28|19.0|346|211|187|122|37|134|225|59.6|91|262|93|169|182|528|450|10
8|Fulham|27|20.0|323|181|144|120|59|148|247|59.9|99|256|73|183|158|481|394|5
9|Leeds United|26|18.0|421|236|187|176|58|195|377|51.7|182|233|54|179|184|605|322|7
10|Leicester City|23|19.0|335|201|162|141|32|147|282|52.1|135|231|66|165|182|517|364|4
11|Liverpool|27|18.0|266|162|121|110|35|112|233|48.1|121|175|41|134|165|431|279|7
12|Manchester City|21|18.0|226|130|80|99|47|108|193|56.0|85|161|38|123|113|339|157|3
13|Manchester Utd|22|18.0|281|158|162|82|37|127|235|54.0|108|216|61|155|174|455|382|4
14|Newcastle Utd|24|19.0|319|191|134|135|50|162|296|54.7|134|243|72|171|171|490|360|3
15|Nott'ham Forest|27|19.0|322|188|174|106|42|133|221|60.2|88|230|75|155|164|486|470|4
16|Southampton|27|19.0|359|207|185|142|32|143|256|55.9|113|250|65|185|199|558|401|5
17|Tottenham|25|19.0|303|168|159|100|44|131|242|54.1|111|215|80|135|178|481|338|11
18|West Ham|24|19.0|293|151|146|107|40|117|232|50.4|115|201|67|134|192|485|346|3
19|Wolves|28|19.0|346|187|202|100|44|150|284|52.8|134|230|77|153|148|494|389|5
|Unnamed: 0_level_0|Unnamed: 1_level_0|Unnamed: 2_level_0|Tackles|Tackles|Tackles|Tackles|Tackles|Vs Dribbles|Vs Dribbles|Vs Dribbles|Vs Dribbles|Blocks|Blocks|Blocks|Unnamed: 15_level_0|Unnamed: 16_level_0|Unnamed: 17_level_0|Unnamed: 18_level_0
|Squad|# Pl|90s|Tkl|TklW|Def 3rd|Mid 3rd|Att 3rd|Tkl|Att|Tkl%|Past|Blocks|Sh|Pass|Int|Tkl+Int|Clr|Err
0|vs Arsenal|23|18.0|335|181|197|108|30|144|290|49.7|146|217|85|132|148|483|360|9
1|vs Aston Villa|24|19.0|315|180|161|100|54|127|228|55.7|101|208|68|140|166|481|343|5
2|vs Bournemouth|25|19.0|358|209|146|142|70|156|268|58.2|112|194|31|163|136|494|281|6
3|vs Brentford|25|19.0|310|180|145|110|55|124|222|55.9|98|157|35|122|146|456|391|6
4|vs Brighton|23|18.0|281|164|155|89|37|116|214|54.2|98|233|69|164|194|475|379|12
5|vs Chelsea|28|19.0|365|208|185|132|48|165|287|57.5|122|237|66|171|190|555|387|6
6|vs Crystal Palace|20|18.0|389|231|189|145|55|152|302|50.3|150|202|58|144|166|555|272|4
7|vs Everton|28|19.0|319|187|133|143|43|153|258|59.3|105|192|60|132|140|459|315|6
8|vs Fulham|27|20.0|317|180|154|124|39|123|225|54.7|102|251|61|190|174|491|380|7
9|vs Leeds United|26|18.0|334|186|165|130|39|155|270|57.4|115|244|72|172|205|539|329|4
10|vs Leicester City|23|19.0|279|169|129|116|34|122|207|58.9|85|234|52|182|187|466|305|4
11|vs Liverpool|27|18.0|337|182|180|124|33|129|247|52.2|118|242|72|170|188|525|490|7
12|vs Manchester City|21|18.0|273|139|162|92|19|115|251|45.8|136|214|87|127|149|422|397|5
13|vs Manchester Utd|22|18.0|248|126|116|94|38|125|222|56.3|97|234|75|159|197|445|268|4
14|vs Newcastle Utd|24|19.0|339|213|170|133|36|165|278|59.4|113|229|78|151|169|508|402|5
15|vs Nott'ham Forest|27|19.0|270|153|104|111|55|108|209|51.7|101|176|50|126|152|422|331|6
16|vs Southampton|27|19.0|366|207|168|153|45|160|303|52.8|143|228|62|166|161|527|432|2
17|vs Tottenham|25|19.0|328|191|153|126|49|135|258|52.3|123|256|82|174|154|482|390|3
18|vs West Ham|24|19.0|286|171|142|107|37|117|208|56.3|91|241|87|154|147|433|425|7
19|vs Wolves|28|19.0|345|189|168|113|64|173|313|55.3|140|217|64|153|164|509|359|4
|Unnamed: 0_level_0|Unnamed: 1_level_0|Unnamed: 2_level_0|Unnamed: 3_level_0|Touches|Touches|Touches|Touches|Touches|Touches|Touches|Dribbles|Dribbles|Dribbles|Dribbles|Dribbles|Receiving|Receiving
|Squad|# Pl|Poss|90s|Touches|Def Pen|Def 3rd|Mid 3rd|Att 3rd|Att Pen|Live|Succ|Att|Succ%|Mis|Dis|Rec|Prog
0|Arsenal|23|56.8|18.0|11821|911|2982|5463|3476|581|11820|146|335|43.6|270|191|8141|613
1|Aston Villa|24|47.9|19.0|10825|1301|3760|4717|2447|345|10822|101|277|36.5|288|188|6731|440
2|Bournemouth|25|40.4|19.0|9784|1424|3991|3901|2018|302|9784|112|297|37.7|292|202|5749|335
3|Brentford|25|43.4|19.0|9807|1328|3726|3862|2297|374|9802|98|267|36.7|280|186|5504|366
4|Brighton|23|56.8|18.0|12005|1193|3846|5144|3098|480|12002|98|258|38.0|272|165|8285|566
5|Chelsea|28|58.2|19.0|13323|1259|4219|5913|3295|447|13321|122|326|37.4|293|200|9252|547
6|Crystal Palace|20|46.2|18.0|10507|1326|3885|4481|2250|326|10505|150|350|42.9|320|237|6549|390
7|Everton|28|45.1|19.0|10456|1342|3871|4437|2262|343|10455|105|296|35.5|320|166|6349|352
8|Fulham|27|46.9|20.0|11272|1308|3760|4872|2763|404|11265|102|266|38.3|302|194|6875|445
9|Leeds United|26|49.7|18.0|10550|1000|3368|4665|2616|369|10548|115|307|37.5|296|179|6171|491
10|Leicester City|23|51.7|19.0|12499|1347|4397|5697|2496|340|12497|85|244|34.8|297|157|8431|519
11|Liverpool|27|60.5|18.0|13464|1158|3924|6309|3307|601|13464|118|279|42.3|291|209|9347|701
12|Manchester City|21|66.2|18.0|14537|941|3423|7071|4133|635|14534|136|302|45.0|195|158|11264|709
13|Manchester Utd|22|51.9|18.0|11282|1204|3739|4677|2952|445|11281|97|259|37.5|232|123|7400|508
14|Newcastle Utd|24|50.3|19.0|10710|1087|3328|4378|3110|531|10707|113|335|33.7|260|174|6532|541
15|Nott'ham Forest|27|39.2|19.0|9352|1393|3842|3619|2004|288|9350|101|251|40.2|273|162|5189|308
16|Southampton|27|44.8|19.0|10505|1198|3638|4352|2636|390|10504|143|334|42.8|287|206|5999|399
17|Tottenham|25|51.7|19.0|12456|1330|4319|5412|2813|438|12453|123|297|41.4|286|193|8489|573
18|West Ham|24|45.5|19.0|10604|1160|3588|4540|2564|364|10598|91|252|36.1|239|169|6640|456
19|Wolves|28|49.1|19.0|11117|1383|4159|4419|2668|374|11115|140|356|39.3|283|172|7148|516
|Unnamed: 0_level_0|Unnamed: 1_level_0|Unnamed: 2_level_0|Unnamed: 3_level_0|Touches|Touches|Touches|Touches|Touches|Touches|Touches|Dribbles|Dribbles|Dribbles|Dribbles|Dribbles|Receiving|Receiving
|Squad|# Pl|Poss|90s|Touches|Def Pen|Def 3rd|Mid 3rd|Att 3rd|Att Pen|Live|Succ|Att|Succ%|Mis|Dis|Rec|Prog
0|vs Arsenal|23|43.2|18.0|9417|1335|3739|3869|1902|289|9413|84|227|37.0|229|159|5767|298
1|vs Aston Villa|24|52.1|19.0|11593|1105|3826|5227|2639|418|11590|114|309|36.9|271|197|7513|476
2|vs Bournemouth|25|59.6|19.0|13283|965|3512|6007|3877|491|13277|120|287|41.8|293|187|9280|634
3|vs Brentford|25|56.6|19.0|12225|1108|3382|5406|3544|480|12224|137|301|45.5|318|165|7980|544
4|vs Brighton|23|43.2|18.0|9729|1270|3735|3932|2145|344|9723|103|268|38.4|265|177|5970|379
5|vs Chelsea|28|41.8|19.0|10272|1237|3589|4183|2602|354|10272|120|343|35.0|300|207|6133|441
6|vs Crystal Palace|20|53.8|18.0|11839|1111|3618|5296|3012|483|11839|102|281|36.3|283|205|7893|571
7|vs Everton|28|54.9|19.0|12115|1102|3603|5370|3242|526|12113|91|251|36.3|288|212|8107|546
8|vs Fulham|27|53.1|20.0|12477|1343|4406|5429|2750|482|12474|99|296|33.4|305|175|8024|558
9|vs Leeds United|26|50.3|18.0|10807|1149|3825|4712|2361|391|10805|182|426|42.7|295|226|6477|455
10|vs Leicester City|23|48.3|19.0|11742|1136|3794|5144|2909|414|11740|135|336|40.2|253|188|7726|492
11|vs Liverpool|27|39.5|18.0|9967|1461|4002|4003|2064|360|9964|121|265|45.7|301|154|5700|418
12|vs Manchester City|21|33.8|18.0|8468|1642|4150|2939|1465|222|8466|85|217|39.2|208|118|5119|296
13|vs Manchester Utd|22|48.1|18.0|10580|1277|3704|4263|2707|435|10579|108|297|36.4|266|154|6731|454
14|vs Newcastle Utd|24|49.7|19.0|10655|1349|3891|4440|2432|389|10653|134|334|40.1|267|157|6426|452
15|vs Nott'ham Forest|27|60.8|19.0|13148|1054|3729|6127|3390|507|13143|88|271|32.5|290|189|9138|603
16|vs Southampton|27|55.2|19.0|12459|1237|4107|5556|2913|452|12458|113|289|39.1|310|217|8025|596
17|vs Tottenham|25|48.3|19.0|12007|1221|3480|5288|3337|446|12006|111|283|39.2|266|172|7945|487
18|vs West Ham|24|54.5|19.0|12742|1350|4132|5702|3026|420|12739|115|281|40.9|292|176|8655|549
19|vs Wolves|28|50.9|19.0|11351|1141|3541|5036|2888|474|11349|134|326|41.1|276|196|7436|526
|Unnamed: 0_level_0|Unnamed: 1_level_0|Unnamed: 2_level_0|Playing Time|Playing Time|Playing Time|Playing Time|Playing Time|Starts|Starts|Starts|Subs|Subs|Subs|Team Success|Team Success|Team Success|Team Success|Team Success|Team Success (xG)|Team Success (xG)|Team Success (xG)|Team Success (xG)
|Squad|# Pl|Age|MP|Min|Mn/MP|Min%|90s|Starts|Mn/Start|Compl|Subs|Mn/Sub|unSub|PPM|onG|onGA|+/-|+/-90|onxG|onxGA|xG+/-|xG+/-90
0|Arsenal|23|24.9|18|1620|90|100|18.0|198|86|132|67|13|95|2.61|42|14|28|1.56|34.1|16.6|17.5|0.97
1|Aston Villa|24|27.6|19|1710|90|100|19.0|209|83|133|75|20|96|1.32|22|27|-5|-0.26|23.2|25.9|-2.7|-0.14
2|Bournemouth|25|26.9|19|1710|90|100|19.0|209|84|145|65|18|106|0.84|18|41|-23|-1.21|13.8|31.2|-17.4|-0.92
3|Brentford|25|26.7|19|1710|90|100|19.0|209|82|122|87|19|84|1.53|32|28|4|0.21|27.0|25.2|1.8|0.1
4|Brighton|23|27.3|18|1620|90|100|18.0|198|84|131|68|16|94|1.67|35|25|10|0.56|27.4|23.0|4.3|0.24
5|Chelsea|28|27.9|19|1710|90|100|19.0|209|80|121|86|22|85|1.47|22|21|1|0.05|22.2|25.0|-2.7|-0.14
6|Crystal Palace|20|27.8|18|1620|90|100|18.0|198|83|129|67|19|95|1.22|17|26|-9|-0.5|17.5|24.3|-6.8|-0.38
7|Everton|28|26.7|19|1710|90|100|19.0|209|84|144|65|20|106|0.79|15|26|-11|-0.58|19.9|31.3|-11.4|-0.6
8|Fulham|27|28.9|20|1800|90|100|20.0|220|84|142|77|15|103|1.55|32|29|3|0.15|27.5|34.5|-7.0|-0.35
9|Leeds United|26|25.7|18|1620|90|100|18.0|198|82|120|78|20|84|0.94|26|33|-7|-0.39|25.3|29.3|-4.0|-0.22
10|Leicester City|23|27.1|19|1710|90|100|19.0|209|82|144|65|24|105|0.89|26|33|-7|-0.37|21.8|30.4|-8.6|-0.45
11|Liverpool|27|28.3|18|1620|90|100|18.0|198|81|121|76|22|86|1.56|34|25|9|0.5|32.1|25.6|6.6|0.37
12|Manchester City|21|27.8|18|1620|90|100|18.0|198|84|138|59|20|103|2.17|46|18|28|1.56|36.3|14.0|22.3|1.24
13|Manchester Utd|22|27.5|18|1620|90|100|18.0|198|83|130|68|20|93|2.11|29|21|8|0.44|27.1|19.9|7.2|0.4
14|Newcastle Utd|24|28.0|19|1710|90|100|19.0|209|85|132|77|14|92|2.0|33|11|22|1.16|31.6|17.4|14.1|0.74
15|Nott'ham Forest|27|26.5|19|1710|90|100|19.0|209|83|132|78|20|93|1.05|15|34|-19|-1.0|21.2|29.0|-7.9|-0.41
16|Southampton|27|25.1|19|1710|90|100|19.0|209|81|125|84|21|87|0.79|17|34|-17|-0.89|19.1|24.7|-5.6|-0.3
17|Tottenham|25|28.3|19|1710|90|100|19.0|209|85|134|74|15|97|1.74|37|27|10|0.53|28.8|22.2|6.6|0.35
18|West Ham|24|28.6|19|1710|90|100|19.0|209|84|151|58|21|111|0.79|15|25|-10|-0.53|23.4|21.8|1.6|0.09
19|Wolves|28|26.7|19|1710|90|100|19.0|209|82|134|72|21|98|0.89|12|27|-15|-0.79|18.1|26.1|-8.0|-0.42
|Unnamed: 0_level_0|Unnamed: 1_level_0|Unnamed: 2_level_0|Playing Time|Playing Time|Playing Time|Playing Time|Playing Time|Starts|Starts|Starts|Subs|Subs|Subs|Team Success|Team Success|Team Success|Team Success|Team Success|Team Success (xG)|Team Success (xG)|Team Success (xG)|Team Success (xG)
|Squad|# Pl|Age|MP|Min|Mn/MP|Min%|90s|Starts|Mn/Start|Compl|Subs|Mn/Sub|unSub|PPM|onG|onGA|+/-|+/-90|onxG|onxGA|xG+/-|xG+/-90
0|vs Arsenal|23|27.3|18|1620|90|100|18.0|198|86|132|67|13|93|0.28|14|42|-28|-1.56|16.6|34.1|-17.5|-0.97
1|vs Aston Villa|24|27.1|19|1710|90|100|19.0|209|83|133|75|20|89|1.47|27|22|5|0.26|25.9|23.2|2.7|0.14
2|vs Bournemouth|25|27.2|19|1710|90|100|19.0|209|84|145|65|18|92|1.95|41|18|23|1.21|31.2|13.8|17.4|0.92
3|vs Brentford|25|27.4|19|1710|90|100|19.0|209|82|122|87|19|107|1.05|28|32|-4|-0.21|25.2|27.0|-1.8|-0.1
4|vs Brighton|23|27.2|18|1620|90|100|18.0|198|84|131|68|16|87|1.17|25|35|-10|-0.56|23.0|27.4|-4.3|-0.24
5|vs Chelsea|28|27.2|19|1710|90|100|19.0|209|80|121|86|22|99|1.32|21|22|-1|-0.05|25.0|22.2|2.7|0.14
6|vs Crystal Palace|20|27.1|18|1620|90|100|18.0|198|83|129|67|19|88|1.56|26|17|9|0.5|24.3|17.5|6.8|0.38
7|vs Everton|28|27.1|19|1710|90|100|19.0|209|84|144|65|20|93|1.89|26|15|11|0.58|31.3|19.9|11.4|0.6
8|vs Fulham|27|27.2|20|1800|90|100|20.0|220|84|142|77|15|102|1.25|29|32|-3|-0.15|34.5|27.5|7.0|0.35
9|vs Leeds United|26|27.2|18|1620|90|100|18.0|198|82|120|78|20|100|1.78|33|26|7|0.39|29.3|25.3|4.0|0.22
10|vs Leicester City|23|27.2|19|1710|90|100|19.0|209|82|144|65|24|99|2.0|33|26|7|0.37|30.4|21.8|8.6|0.45
11|vs Liverpool|27|27.0|18|1620|90|100|18.0|198|81|121|76|22|99|1.22|25|34|-9|-0.5|25.6|32.1|-6.6|-0.37
12|vs Manchester City|21|27.3|18|1620|90|100|18.0|198|84|138|59|20|85|0.67|18|46|-28|-1.56|14.0|36.3|-22.3|-1.24
13|vs Manchester Utd|22|27.5|18|1620|90|100|18.0|198|83|130|68|20|92|0.78|21|29|-8|-0.44|19.9|27.1|-7.2|-0.4
14|vs Newcastle Utd|24|27.3|19|1710|90|100|19.0|209|85|132|77|14|104|0.58|11|33|-22|-1.16|17.4|31.6|-14.1|-0.74
15|vs Nott'ham Forest|27|27.4|19|1710|90|100|19.0|209|83|132|78|20|93|1.68|34|15|19|1.0|29.0|21.2|7.9|0.41
16|vs Southampton|27|27.5|19|1710|90|100|19.0|209|81|125|84|21|99|2.05|34|17|17|0.89|24.7|19.1|5.6|0.3
17|vs Tottenham|25|27.1|19|1710|90|100|19.0|209|85|134|74|15|97|1.11|27|37|-10|-0.53|22.2|28.8|-6.6|-0.35
18|vs West Ham|24|27.1|19|1710|90|100|19.0|209|84|151|58|21|101|2.05|25|15|10|0.53|21.8|23.4|-1.6|-0.09
19|vs Wolves|28|27.0|19|1710|90|100|19.0|209|82|134|72|21|94|1.84|27|12|15|0.79|26.1|18.1|8.0|0.42
|Unnamed: 0_level_0|Unnamed: 1_level_0|Unnamed: 2_level_0|Performance|Performance|Performance|Performance|Performance|Performance|Performance|Performance|Performance|Performance|Performance|Performance|Performance|Aerial Duels|Aerial Duels|Aerial Duels
|Squad|# Pl|90s|CrdY|CrdR|2CrdY|Fls|Fld|Off|Crs|Int|TklW|PKwon|PKcon|OG|Recov|Won|Lost|Won%
0|Arsenal|23|18.0|32|0|0|188|210|25|288|130|163|1|3|1|939|202|254|44.3
1|Aston Villa|24|19.0|43|1|0|214|236|37|313|180|179|2|3|3|973|241|255|48.6
2|Bournemouth|25|19.0|32|0|0|201|196|16|260|149|194|0|6|2|936|249|261|48.8
3|Brentford|25|19.0|26|0|0|155|197|36|312|176|162|4|1|2|981|303|294|50.8
4|Brighton|23|18.0|26|0|0|190|178|33|330|162|169|3|6|3|932|215|200|51.8
5|Chelsea|28|19.0|43|3|2|201|224|40|320|174|208|2|0|2|1030|250|238|51.2
6|Crystal Palace|20|18.0|41|2|1|220|237|22|243|152|200|1|0|1|972|216|245|46.9
7|Everton|28|19.0|41|0|0|180|205|34|312|182|211|1|2|0|960|230|288|44.4
8|Fulham|27|20.0|49|1|0|205|188|32|387|158|181|6|3|0|1032|283|264|51.7
9|Leeds United|26|18.0|42|2|2|238|194|27|301|184|236|1|2|1|1014|257|263|49.4
10|Leicester City|23|19.0|24|0|0|197|186|31|267|182|201|2|2|3|1001|227|271|45.6
11|Liverpool|27|18.0|18|1|0|164|150|40|398|165|162|0|3|1|1072|216|224|49.1
12|Manchester City|21|18.0|17|1|0|149|165|28|385|113|130|3|2|1|893|225|165|57.7
13|Manchester Utd|22|18.0|46|0|0|213|127|42|241|174|158|1|1|0|974|220|201|52.3
14|Newcastle Utd|24|19.0|33|0|0|205|197|44|361|171|191|1|2|0|1037|265|216|55.1
15|Nott'ham Forest|27|19.0|42|0|0|218|209|29|288|164|188|1|5|0|941|269|246|52.2
16|Southampton|27|19.0|31|0|0|208|177|21|342|199|207|1|1|3|1085|295|334|46.9
17|Tottenham|25|19.0|37|1|0|198|161|34|401|178|168|2|1|1|987|260|221|54.1
18|West Ham|24|19.0|25|0|0|188|155|29|410|192|151|4|3|1|996|294|260|53.1
19|Wolves|28|19.0|39|3|0|214|184|35|337|148|187|0|2|1|1002|218|235|48.1
|Unnamed: 0_level_0|Unnamed: 1_level_0|Unnamed: 2_level_0|Performance|Performance|Performance|Performance|Performance|Performance|Performance|Performance|Performance|Performance|Performance|Performance|Performance|Aerial Duels|Aerial Duels|Aerial Duels
|Squad|# Pl|90s|CrdY|CrdR|2CrdY|Fls|Fld|Off|Crs|Int|TklW|PKwon|PKcon|OG|Recov|Won|Lost|Won%
0|vs Arsenal|23|18.0|41|1|0|216|176|48|271|148|181|2|1|2|859|254|202|55.7
1|vs Aston Villa|24|19.0|35|1|1|243|204|33|316|166|180|0|2|0|1004|255|241|51.4
2|vs Bournemouth|25|19.0|24|0|0|199|192|33|472|136|209|3|0|0|1063|261|249|51.2
3|vs Brentford|25|19.0|30|1|0|205|145|32|395|146|180|1|5|1|1010|294|303|49.2
4|vs Brighton|23|18.0|44|1|0|189|183|23|230|194|164|5|3|4|896|200|215|48.2
5|vs Chelsea|28|19.0|32|0|0|227|194|23|338|190|208|0|2|0|983|238|250|48.8
6|vs Crystal Palace|20|18.0|35|1|0|244|211|37|362|166|231|0|2|1|1014|245|216|53.1
7|vs Everton|28|19.0|43|0|0|218|175|25|390|140|187|2|1|1|1000|288|230|55.6
8|vs Fulham|27|20.0|30|5|1|196|196|51|324|174|180|3|7|3|1075|264|283|48.3
9|vs Leeds United|26|18.0|33|1|1|204|232|35|286|205|186|2|2|1|1043|263|257|50.6
10|vs Leicester City|23|19.0|32|1|1|193|188|36|341|187|169|2|2|2|1047|271|227|54.4
11|vs Liverpool|27|18.0|25|0|0|158|149|41|254|188|182|3|0|4|997|224|216|50.9
12|vs Manchester City|21|18.0|42|1|0|171|145|35|165|149|139|2|3|1|774|165|225|42.3
13|vs Manchester Utd|22|18.0|22|0|0|133|206|19|340|197|126|1|1|2|948|201|220|47.7
14|vs Newcastle Utd|24|19.0|42|1|0|207|195|38|295|169|213|1|3|1|971|216|265|44.9
15|vs Nott'ham Forest|27|19.0|36|0|0|221|205|32|399|152|153|2|2|1|981|246|269|47.8
16|vs Southampton|27|19.0|31|0|0|187|197|27|329|161|207|1|1|0|1100|334|295|53.1
17|vs Tottenham|25|19.0|42|1|1|176|194|22|299|154|191|1|3|2|997|221|260|45.9
18|vs West Ham|24|19.0|33|0|0|161|182|25|327|147|171|3|6|0|1006|260|294|46.9
19|vs Wolves|28|19.0|35|0|0|198|207|20|363|164|189|2|2|0|989|235|218|51.9
